source_text,comment,nl-nl,de-de,es-es,el-gr
"%s reviews",trustpilot summary review count,"%s reviews","%s Bewertungen","%s reseñas","%s κριτικές"
"Trustpilot rating %s out of 5 based on %s reviews",trustpilot aria-label,"Trustpilot-beoordeling %s van 5 op basis van %s reviews","Trustpilot-Bewertung %s von 5 basierend auf %s Bewertungen","Valoración de Trustpilot %s de 5 basada en %s reseñas","Βαθμολογία Trustpilot %s από 5 βάσει %s κριτικών"
"View our page on TrustPilot",trustpilot link,"Bekijk onze pagina op TrustPilot","Unsere Seite auf TrustPilot ansehen","Ver nuestra página en TrustPilot","Δείτε τη σελίδα μας στο TrustPilot"
"Excellent",trustpilot label,Uitstekend,Ausgezeichnet,Excelente,Εξαιρετικό
"Great",trustpilot label,Geweldig,Großartig,Genial,Υπέροχο
"Average",trustpilot label,Gemiddeld,Durchschnittlich,Media,Μέτριο
"Poor",trustpilot label,Matig,Schlecht,Pobre,Κακό
"Bad",trustpilot label,Slecht,Sehr schlecht,Mala,Χείριστο
"5-star",trustpilot bar,5 sterren,5 Sterne,5 estrellas,5 αστέρια
"4-star",trustpilot bar,4 sterren,4 Sterne,4 estrellas,4 αστέρια
"3-star",trustpilot bar,3 sterren,3 Sterne,3 estrellas,3 αστέρια
"2-star",trustpilot bar,2 sterren,2 Sterne,2 estrellas,2 αστέρια
"1-star",trustpilot bar,1 ster,1 Stern,1 estrella,1 αστέρι
